Firstname,Lastname,SamAccountName
Aimee,Jones,ajones
Alex,Smith,asmith
Ann,Green,agreen
Clare,Brown,cbrown
Harry,Black,hblack
June,Sherman,jsherman
Pat,Lee,plee
Robert,Grant,rgrant
Ron,Stuart,rstuart
Sarah,Salisbury,ssalisbury
Tom,Lincoln,tlincoln
William,Churchill,wchurchill